DROP DATABASE student;
CREATE DATABASE student;
\c student
--
-- PostgreSQL database dump
--

-- Dumped from database version 15.1
-- Dumped by pg_dump version 15.1

-- Started on 2023-04-28 16:12:52

SET statement_timeout = 0;
SET lock_timeout = 0;
SET idle_in_transaction_session_timeout = 0;
SET client_encoding = 'UTF8';
SET standard_conforming_strings = on;
SELECT pg_catalog.set_config('search_path', '', false);
SET check_function_bodies = false;
SET xmloption = content;
SET client_min_messages = warning;
SET row_security = off;

--
-- TOC entry 227 (class 1255 OID 27799)
-- Name: avrgmark(character varying, character varying, character varying); Type: FUNCTION; Schema: public; Owner: postgres
--

CREATE FUNCTION public.avrgmark(lname character varying, fname character varying, patr character varying) RETURNS TABLE(lastname character varying, firstname character varying, patronymic character varying, avrgmark integer)
    LANGUAGE sql
    AS $$SELECT Student.LastName,Student.FirstName,Student.Patronymic,
ROUND(avg(Mark.Mark),1) AS avrg_mark
FROM Student
INNER JOIN Mark ON Student.StudentID=Mark.StudentID
WHERE Student.LastName=LName AND Student.FirstName=FName AND Student.Patronymic=Patr
GROUP BY Student.StudentID;$$;


ALTER FUNCTION public.avrgmark(lname character varying, fname character varying, patr character varying) OWNER TO postgres;

--
-- TOC entry 214 (class 1259 OID 24844)
-- Name: Group_GroupID_seq; Type: SEQUENCE; Schema: public; Owner: postgres
--

CREATE SEQUENCE public."Group_GroupID_seq"
    START WITH 1
    INCREMENT BY 1
    NO MINVALUE
    NO MAXVALUE
    CACHE 1;


ALTER TABLE public."Group_GroupID_seq" OWNER TO postgres;

SET default_tablespace = '';

SET default_table_access_method = heap;

--
-- TOC entry 223 (class 1259 OID 27892)
-- Name: mark; Type: TABLE; Schema: public; Owner: postgres
--

CREATE TABLE public.mark (
    markid integer NOT NULL,
    studentid integer NOT NULL,
    subjectid integer NOT NULL,
    mark integer NOT NULL,
    markdate date DEFAULT CURRENT_DATE NOT NULL,
    semester integer NOT NULL,
    teacherid integer NOT NULL,
    CONSTRAINT mark_mark_check CHECK ((mark = ANY (ARRAY[0, 2, 3, 4, 5]))),
    CONSTRAINT mark_semester_check CHECK (((semester >= 1) AND (semester <= 8)))
);


ALTER TABLE public.mark OWNER TO postgres;

--
-- TOC entry 222 (class 1259 OID 27891)
-- Name: mark_markid_seq; Type: SEQUENCE; Schema: public; Owner: postgres
--

ALTER TABLE public.mark ALTER COLUMN markid ADD GENERATED BY DEFAULT AS IDENTITY (
    SEQUENCE NAME public.mark_markid_seq
    START WITH 1
    INCREMENT BY 1
    NO MINVALUE
    NO MAXVALUE
    CACHE 1
);


--
-- TOC entry 219 (class 1259 OID 27875)
-- Name: sgroup; Type: TABLE; Schema: public; Owner: postgres
--

CREATE TABLE public.sgroup (
    groupid integer NOT NULL,
    groupname character varying(20) NOT NULL
);


ALTER TABLE public.sgroup OWNER TO postgres;

--
-- TOC entry 218 (class 1259 OID 27874)
-- Name: sgroup_groupid_seq; Type: SEQUENCE; Schema: public; Owner: postgres
--

ALTER TABLE public.sgroup ALTER COLUMN groupid ADD GENERATED BY DEFAULT AS IDENTITY (
    SEQUENCE NAME public.sgroup_groupid_seq
    START WITH 1
    INCREMENT BY 1
    NO MINVALUE
    NO MAXVALUE
    CACHE 1
);


--
-- TOC entry 221 (class 1259 OID 27881)
-- Name: student; Type: TABLE; Schema: public; Owner: postgres
--

CREATE TABLE public.student (
    studentid integer NOT NULL,
    lastname character varying(20) NOT NULL,
    firstname character varying(20) NOT NULL,
    patronymic character varying(20),
    bdate date NOT NULL,
    groupid integer NOT NULL
);


ALTER TABLE public.student OWNER TO postgres;

--
-- TOC entry 220 (class 1259 OID 27880)
-- Name: student_studentid_seq; Type: SEQUENCE; Schema: public; Owner: postgres
--

ALTER TABLE public.student ALTER COLUMN studentid ADD GENERATED BY DEFAULT AS IDENTITY (
    SEQUENCE NAME public.student_studentid_seq
    START WITH 1
    INCREMENT BY 1
    NO MINVALUE
    NO MAXVALUE
    CACHE 1
);


--
-- TOC entry 217 (class 1259 OID 27869)
-- Name: subject; Type: TABLE; Schema: public; Owner: postgres
--

CREATE TABLE public.subject (
    subjectid integer NOT NULL,
    subjectname character varying(50) NOT NULL
);


ALTER TABLE public.subject OWNER TO postgres;

--
-- TOC entry 216 (class 1259 OID 27868)
-- Name: subject_subjectid_seq; Type: SEQUENCE; Schema: public; Owner: postgres
--

ALTER TABLE public.subject ALTER COLUMN subjectid ADD GENERATED BY DEFAULT AS IDENTITY (
    SEQUENCE NAME public.subject_subjectid_seq
    START WITH 1
    INCREMENT BY 1
    NO MINVALUE
    NO MAXVALUE
    CACHE 1
);


--
-- TOC entry 225 (class 1259 OID 27914)
-- Name: teacher; Type: TABLE; Schema: public; Owner: postgres
--

CREATE TABLE public.teacher (
    teacherid integer NOT NULL,
    lastname character varying(20) NOT NULL,
    firstname character varying(20) NOT NULL,
    patronymic character varying(20)
);


ALTER TABLE public.teacher OWNER TO postgres;

--
-- TOC entry 224 (class 1259 OID 27913)
-- Name: teacher_teacherid_seq; Type: SEQUENCE; Schema: public; Owner: postgres
--

ALTER TABLE public.teacher ALTER COLUMN teacherid ADD GENERATED BY DEFAULT AS IDENTITY (
    SEQUENCE NAME public.teacher_teacherid_seq
    START WITH 1
    INCREMENT BY 1
    NO MINVALUE
    NO MAXVALUE
    CACHE 1
);


--
-- TOC entry 215 (class 1259 OID 27062)
-- Name: temp; Type: TABLE; Schema: public; Owner: postgres
--

CREATE TABLE public.temp (
    studentid integer NOT NULL,
    lastname character varying(20) NOT NULL,
    firstname character varying(20) NOT NULL,
    patronymic character varying(20),
    mark integer NOT NULL
);


ALTER TABLE public.temp OWNER TO postgres;

--
-- TOC entry 226 (class 1259 OID 27934)
-- Name: tmp; Type: TABLE; Schema: public; Owner: postgres
--

CREATE TABLE public.tmp (
    semester integer NOT NULL,
    studentid integer NOT NULL,
    teacherid integer NOT NULL,
    subjectid integer NOT NULL,
    mark integer NOT NULL,
    markdate date NOT NULL
);


ALTER TABLE public.tmp OWNER TO postgres;

--
-- TOC entry 3371 (class 0 OID 27892)
-- Dependencies: 223
-- Data for Name: mark; Type: TABLE DATA; Schema: public; Owner: postgres
--

INSERT INTO public.mark (markid, studentid, subjectid, mark, markdate, semester, teacherid) VALUES (14, 1, 3, 4, '2023-04-21', 2, 2);
INSERT INTO public.mark (markid, studentid, subjectid, mark, markdate, semester, teacherid) VALUES (15, 2, 3, 5, '2023-04-21', 2, 2);
INSERT INTO public.mark (markid, studentid, subjectid, mark, markdate, semester, teacherid) VALUES (16, 3, 3, 2, '2023-04-21', 2, 2);
INSERT INTO public.mark (markid, studentid, subjectid, mark, markdate, semester, teacherid) VALUES (17, 4, 3, 5, '2023-04-21', 2, 2);
INSERT INTO public.mark (markid, studentid, subjectid, mark, markdate, semester, teacherid) VALUES (18, 5, 3, 3, '2023-04-21', 2, 2);
INSERT INTO public.mark (markid, studentid, subjectid, mark, markdate, semester, teacherid) VALUES (19, 6, 3, 0, '2023-04-21', 2, 2);
INSERT INTO public.mark (markid, studentid, subjectid, mark, markdate, semester, teacherid) VALUES (20, 7, 3, 5, '2023-04-21', 2, 2);
INSERT INTO public.mark (markid, studentid, subjectid, mark, markdate, semester, teacherid) VALUES (21, 8, 3, 5, '2023-04-21', 2, 2);
INSERT INTO public.mark (markid, studentid, subjectid, mark, markdate, semester, teacherid) VALUES (22, 9, 3, 2, '2023-04-21', 2, 2);
INSERT INTO public.mark (markid, studentid, subjectid, mark, markdate, semester, teacherid) VALUES (23, 10, 3, 4, '2023-04-21', 2, 2);
INSERT INTO public.mark (markid, studentid, subjectid, mark, markdate, semester, teacherid) VALUES (24, 11, 3, 4, '2023-04-21', 2, 2);
INSERT INTO public.mark (markid, studentid, subjectid, mark, markdate, semester, teacherid) VALUES (25, 31, 3, 3, '2023-04-21', 2, 2);
INSERT INTO public.mark (markid, studentid, subjectid, mark, markdate, semester, teacherid) VALUES (26, 1, 3, 2, '2023-01-16', 1, 2);
INSERT INTO public.mark (markid, studentid, subjectid, mark, markdate, semester, teacherid) VALUES (27, 2, 3, 5, '2023-01-16', 1, 2);
INSERT INTO public.mark (markid, studentid, subjectid, mark, markdate, semester, teacherid) VALUES (28, 3, 3, 4, '2023-01-16', 1, 2);
INSERT INTO public.mark (markid, studentid, subjectid, mark, markdate, semester, teacherid) VALUES (29, 4, 3, 4, '2023-01-16', 1, 2);
INSERT INTO public.mark (markid, studentid, subjectid, mark, markdate, semester, teacherid) VALUES (30, 5, 3, 4, '2023-01-16', 1, 2);
INSERT INTO public.mark (markid, studentid, subjectid, mark, markdate, semester, teacherid) VALUES (31, 6, 3, 3, '2023-01-16', 1, 2);
INSERT INTO public.mark (markid, studentid, subjectid, mark, markdate, semester, teacherid) VALUES (32, 7, 3, 3, '2023-01-16', 1, 2);
INSERT INTO public.mark (markid, studentid, subjectid, mark, markdate, semester, teacherid) VALUES (33, 8, 3, 3, '2023-01-16', 1, 2);
INSERT INTO public.mark (markid, studentid, subjectid, mark, markdate, semester, teacherid) VALUES (34, 9, 3, 2, '2023-01-16', 1, 2);
INSERT INTO public.mark (markid, studentid, subjectid, mark, markdate, semester, teacherid) VALUES (35, 10, 3, 4, '2023-01-16', 1, 2);
INSERT INTO public.mark (markid, studentid, subjectid, mark, markdate, semester, teacherid) VALUES (36, 11, 3, 5, '2023-01-16', 1, 2);
INSERT INTO public.mark (markid, studentid, subjectid, mark, markdate, semester, teacherid) VALUES (37, 31, 3, 5, '2023-01-16', 1, 2);
INSERT INTO public.mark (markid, studentid, subjectid, mark, markdate, semester, teacherid) VALUES (38, 1, 1, 3, '2023-04-17', 2, 1);
INSERT INTO public.mark (markid, studentid, subjectid, mark, markdate, semester, teacherid) VALUES (39, 2, 1, 5, '2023-04-17', 2, 1);
INSERT INTO public.mark (markid, studentid, subjectid, mark, markdate, semester, teacherid) VALUES (40, 3, 1, 3, '2023-04-17', 2, 1);
INSERT INTO public.mark (markid, studentid, subjectid, mark, markdate, semester, teacherid) VALUES (41, 4, 1, 4, '2023-04-17', 2, 1);
INSERT INTO public.mark (markid, studentid, subjectid, mark, markdate, semester, teacherid) VALUES (42, 5, 1, 4, '2023-04-17', 2, 1);
INSERT INTO public.mark (markid, studentid, subjectid, mark, markdate, semester, teacherid) VALUES (43, 6, 1, 3, '2023-04-17', 2, 1);
INSERT INTO public.mark (markid, studentid, subjectid, mark, markdate, semester, teacherid) VALUES (44, 7, 1, 4, '2023-04-17', 2, 1);
INSERT INTO public.mark (markid, studentid, subjectid, mark, markdate, semester, teacherid) VALUES (45, 8, 1, 4, '2023-04-17', 2, 1);
INSERT INTO public.mark (markid, studentid, subjectid, mark, markdate, semester, teacherid) VALUES (46, 9, 1, 4, '2023-04-17', 2, 1);
INSERT INTO public.mark (markid, studentid, subjectid, mark, markdate, semester, teacherid) VALUES (47, 10, 1, 5, '2023-04-17', 2, 1);
INSERT INTO public.mark (markid, studentid, subjectid, mark, markdate, semester, teacherid) VALUES (48, 11, 1, 5, '2023-04-17', 2, 1);
INSERT INTO public.mark (markid, studentid, subjectid, mark, markdate, semester, teacherid) VALUES (49, 31, 1, 4, '2023-04-17', 2, 1);
INSERT INTO public.mark (markid, studentid, subjectid, mark, markdate, semester, teacherid) VALUES (50, 1, 7, 4, '2023-04-24', 2, 3);
INSERT INTO public.mark (markid, studentid, subjectid, mark, markdate, semester, teacherid) VALUES (51, 2, 7, 5, '2023-04-24', 2, 3);
INSERT INTO public.mark (markid, studentid, subjectid, mark, markdate, semester, teacherid) VALUES (52, 3, 7, 3, '2023-04-24', 2, 3);
INSERT INTO public.mark (markid, studentid, subjectid, mark, markdate, semester, teacherid) VALUES (53, 4, 7, 5, '2023-04-24', 2, 3);
INSERT INTO public.mark (markid, studentid, subjectid, mark, markdate, semester, teacherid) VALUES (54, 5, 7, 3, '2023-04-24', 2, 3);
INSERT INTO public.mark (markid, studentid, subjectid, mark, markdate, semester, teacherid) VALUES (55, 6, 7, 3, '2023-04-24', 2, 3);
INSERT INTO public.mark (markid, studentid, subjectid, mark, markdate, semester, teacherid) VALUES (56, 7, 7, 5, '2023-04-24', 2, 3);
INSERT INTO public.mark (markid, studentid, subjectid, mark, markdate, semester, teacherid) VALUES (57, 8, 7, 5, '2023-04-24', 2, 3);
INSERT INTO public.mark (markid, studentid, subjectid, mark, markdate, semester, teacherid) VALUES (58, 9, 7, 3, '2023-04-24', 2, 3);
INSERT INTO public.mark (markid, studentid, subjectid, mark, markdate, semester, teacherid) VALUES (59, 10, 7, 4, '2023-04-24', 2, 3);
INSERT INTO public.mark (markid, studentid, subjectid, mark, markdate, semester, teacherid) VALUES (60, 11, 7, 4, '2023-04-24', 2, 3);
INSERT INTO public.mark (markid, studentid, subjectid, mark, markdate, semester, teacherid) VALUES (61, 31, 7, 3, '2023-04-24', 2, 3);
INSERT INTO public.mark (markid, studentid, subjectid, mark, markdate, semester, teacherid) VALUES (62, 1, 7, 2, '2023-01-20', 1, 3);
INSERT INTO public.mark (markid, studentid, subjectid, mark, markdate, semester, teacherid) VALUES (63, 2, 7, 5, '2023-01-20', 1, 3);
INSERT INTO public.mark (markid, studentid, subjectid, mark, markdate, semester, teacherid) VALUES (64, 3, 7, 3, '2023-01-20', 1, 3);
INSERT INTO public.mark (markid, studentid, subjectid, mark, markdate, semester, teacherid) VALUES (65, 4, 7, 4, '2023-01-20', 1, 3);
INSERT INTO public.mark (markid, studentid, subjectid, mark, markdate, semester, teacherid) VALUES (66, 5, 7, 3, '2023-01-20', 1, 3);
INSERT INTO public.mark (markid, studentid, subjectid, mark, markdate, semester, teacherid) VALUES (67, 6, 7, 2, '2023-01-20', 1, 3);
INSERT INTO public.mark (markid, studentid, subjectid, mark, markdate, semester, teacherid) VALUES (68, 7, 7, 3, '2023-01-20', 1, 3);
INSERT INTO public.mark (markid, studentid, subjectid, mark, markdate, semester, teacherid) VALUES (69, 8, 7, 0, '2023-01-20', 1, 3);
INSERT INTO public.mark (markid, studentid, subjectid, mark, markdate, semester, teacherid) VALUES (70, 9, 7, 2, '2023-01-20', 1, 3);
INSERT INTO public.mark (markid, studentid, subjectid, mark, markdate, semester, teacherid) VALUES (71, 10, 7, 2, '2023-01-20', 1, 3);
INSERT INTO public.mark (markid, studentid, subjectid, mark, markdate, semester, teacherid) VALUES (72, 11, 7, 4, '2023-01-20', 1, 3);
INSERT INTO public.mark (markid, studentid, subjectid, mark, markdate, semester, teacherid) VALUES (73, 31, 7, 4, '2023-01-20', 1, 3);
INSERT INTO public.mark (markid, studentid, subjectid, mark, markdate, semester, teacherid) VALUES (74, 12, 3, 4, '2023-01-21', 1, 2);
INSERT INTO public.mark (markid, studentid, subjectid, mark, markdate, semester, teacherid) VALUES (75, 13, 3, 5, '2023-01-21', 1, 2);
INSERT INTO public.mark (markid, studentid, subjectid, mark, markdate, semester, teacherid) VALUES (76, 14, 3, 3, '2023-01-21', 1, 2);
INSERT INTO public.mark (markid, studentid, subjectid, mark, markdate, semester, teacherid) VALUES (77, 15, 3, 5, '2023-01-21', 1, 2);
INSERT INTO public.mark (markid, studentid, subjectid, mark, markdate, semester, teacherid) VALUES (78, 16, 3, 4, '2023-01-21', 1, 2);
INSERT INTO public.mark (markid, studentid, subjectid, mark, markdate, semester, teacherid) VALUES (79, 17, 3, 5, '2023-01-21', 1, 2);
INSERT INTO public.mark (markid, studentid, subjectid, mark, markdate, semester, teacherid) VALUES (80, 18, 3, 3, '2023-01-21', 1, 2);
INSERT INTO public.mark (markid, studentid, subjectid, mark, markdate, semester, teacherid) VALUES (81, 19, 3, 3, '2023-01-21', 1, 2);
INSERT INTO public.mark (markid, studentid, subjectid, mark, markdate, semester, teacherid) VALUES (82, 20, 3, 4, '2023-01-21', 1, 2);
INSERT INTO public.mark (markid, studentid, subjectid, mark, markdate, semester, teacherid) VALUES (83, 21, 3, 4, '2023-01-21', 1, 2);
INSERT INTO public.mark (markid, studentid, subjectid, mark, markdate, semester, teacherid) VALUES (84, 22, 3, 5, '2023-01-21', 1, 2);
INSERT INTO public.mark (markid, studentid, subjectid, mark, markdate, semester, teacherid) VALUES (85, 23, 3, 5, '2023-01-21', 1, 2);
INSERT INTO public.mark (markid, studentid, subjectid, mark, markdate, semester, teacherid) VALUES (86, 12, 7, 3, '2023-01-17', 1, 3);
INSERT INTO public.mark (markid, studentid, subjectid, mark, markdate, semester, teacherid) VALUES (87, 13, 7, 4, '2023-01-17', 1, 3);
INSERT INTO public.mark (markid, studentid, subjectid, mark, markdate, semester, teacherid) VALUES (88, 14, 7, 3, '2023-01-17', 1, 3);
INSERT INTO public.mark (markid, studentid, subjectid, mark, markdate, semester, teacherid) VALUES (89, 15, 7, 5, '2023-01-17', 1, 3);
INSERT INTO public.mark (markid, studentid, subjectid, mark, markdate, semester, teacherid) VALUES (90, 16, 7, 2, '2023-01-17', 1, 3);
INSERT INTO public.mark (markid, studentid, subjectid, mark, markdate, semester, teacherid) VALUES (91, 17, 7, 5, '2023-01-17', 1, 3);
INSERT INTO public.mark (markid, studentid, subjectid, mark, markdate, semester, teacherid) VALUES (92, 18, 7, 2, '2023-01-17', 1, 3);
INSERT INTO public.mark (markid, studentid, subjectid, mark, markdate, semester, teacherid) VALUES (93, 19, 7, 3, '2023-01-17', 1, 3);
INSERT INTO public.mark (markid, studentid, subjectid, mark, markdate, semester, teacherid) VALUES (94, 20, 7, 3, '2023-01-17', 1, 3);
INSERT INTO public.mark (markid, studentid, subjectid, mark, markdate, semester, teacherid) VALUES (95, 21, 7, 4, '2023-01-17', 1, 3);
INSERT INTO public.mark (markid, studentid, subjectid, mark, markdate, semester, teacherid) VALUES (96, 22, 7, 4, '2023-01-17', 1, 3);
INSERT INTO public.mark (markid, studentid, subjectid, mark, markdate, semester, teacherid) VALUES (97, 23, 7, 5, '2023-01-17', 1, 3);
INSERT INTO public.mark (markid, studentid, subjectid, mark, markdate, semester, teacherid) VALUES (98, 12, 1, 4, '2023-04-18', 2, 1);
INSERT INTO public.mark (markid, studentid, subjectid, mark, markdate, semester, teacherid) VALUES (99, 13, 1, 4, '2023-04-18', 2, 1);
INSERT INTO public.mark (markid, studentid, subjectid, mark, markdate, semester, teacherid) VALUES (100, 14, 1, 4, '2023-04-18', 2, 1);
INSERT INTO public.mark (markid, studentid, subjectid, mark, markdate, semester, teacherid) VALUES (101, 15, 1, 5, '2023-04-18', 2, 1);
INSERT INTO public.mark (markid, studentid, subjectid, mark, markdate, semester, teacherid) VALUES (102, 16, 1, 4, '2023-04-18', 2, 1);
INSERT INTO public.mark (markid, studentid, subjectid, mark, markdate, semester, teacherid) VALUES (103, 17, 1, 5, '2023-04-18', 2, 1);
INSERT INTO public.mark (markid, studentid, subjectid, mark, markdate, semester, teacherid) VALUES (104, 18, 1, 4, '2023-04-18', 2, 1);
INSERT INTO public.mark (markid, studentid, subjectid, mark, markdate, semester, teacherid) VALUES (105, 19, 1, 4, '2023-04-18', 2, 1);
INSERT INTO public.mark (markid, studentid, subjectid, mark, markdate, semester, teacherid) VALUES (106, 20, 1, 4, '2023-04-18', 2, 1);
INSERT INTO public.mark (markid, studentid, subjectid, mark, markdate, semester, teacherid) VALUES (107, 21, 1, 5, '2023-04-18', 2, 1);
INSERT INTO public.mark (markid, studentid, subjectid, mark, markdate, semester, teacherid) VALUES (108, 22, 1, 4, '2023-04-18', 2, 1);
INSERT INTO public.mark (markid, studentid, subjectid, mark, markdate, semester, teacherid) VALUES (109, 23, 1, 5, '2023-04-18', 2, 1);
INSERT INTO public.mark (markid, studentid, subjectid, mark, markdate, semester, teacherid) VALUES (110, 12, 7, 3, '2023-04-22', 2, 3);
INSERT INTO public.mark (markid, studentid, subjectid, mark, markdate, semester, teacherid) VALUES (111, 13, 7, 4, '2023-04-22', 2, 3);
INSERT INTO public.mark (markid, studentid, subjectid, mark, markdate, semester, teacherid) VALUES (112, 14, 7, 5, '2023-04-22', 2, 3);
INSERT INTO public.mark (markid, studentid, subjectid, mark, markdate, semester, teacherid) VALUES (113, 15, 7, 2, '2023-04-22', 2, 3);
INSERT INTO public.mark (markid, studentid, subjectid, mark, markdate, semester, teacherid) VALUES (114, 16, 7, 3, '2023-04-22', 2, 3);
INSERT INTO public.mark (markid, studentid, subjectid, mark, markdate, semester, teacherid) VALUES (115, 17, 7, 5, '2023-04-22', 2, 3);
INSERT INTO public.mark (markid, studentid, subjectid, mark, markdate, semester, teacherid) VALUES (116, 18, 7, 3, '2023-04-22', 2, 3);
INSERT INTO public.mark (markid, studentid, subjectid, mark, markdate, semester, teacherid) VALUES (117, 19, 7, 3, '2023-04-22', 2, 3);
INSERT INTO public.mark (markid, studentid, subjectid, mark, markdate, semester, teacherid) VALUES (118, 20, 7, 4, '2023-04-22', 2, 3);
INSERT INTO public.mark (markid, studentid, subjectid, mark, markdate, semester, teacherid) VALUES (119, 21, 7, 3, '2023-04-22', 2, 3);
INSERT INTO public.mark (markid, studentid, subjectid, mark, markdate, semester, teacherid) VALUES (120, 22, 7, 3, '2023-04-22', 2, 3);
INSERT INTO public.mark (markid, studentid, subjectid, mark, markdate, semester, teacherid) VALUES (121, 23, 7, 2, '2023-04-22', 2, 3);
INSERT INTO public.mark (markid, studentid, subjectid, mark, markdate, semester, teacherid) VALUES (122, 12, 3, 4, '2023-04-25', 2, 2);
INSERT INTO public.mark (markid, studentid, subjectid, mark, markdate, semester, teacherid) VALUES (123, 13, 3, 5, '2023-04-25', 2, 2);
INSERT INTO public.mark (markid, studentid, subjectid, mark, markdate, semester, teacherid) VALUES (124, 14, 3, 5, '2023-04-25', 2, 2);
INSERT INTO public.mark (markid, studentid, subjectid, mark, markdate, semester, teacherid) VALUES (125, 15, 3, 4, '2023-04-25', 2, 2);
INSERT INTO public.mark (markid, studentid, subjectid, mark, markdate, semester, teacherid) VALUES (126, 16, 3, 3, '2023-04-25', 2, 2);
INSERT INTO public.mark (markid, studentid, subjectid, mark, markdate, semester, teacherid) VALUES (127, 17, 3, 5, '2023-04-25', 2, 2);
INSERT INTO public.mark (markid, studentid, subjectid, mark, markdate, semester, teacherid) VALUES (128, 18, 3, 4, '2023-04-25', 2, 2);
INSERT INTO public.mark (markid, studentid, subjectid, mark, markdate, semester, teacherid) VALUES (129, 19, 3, 5, '2023-04-25', 2, 2);
INSERT INTO public.mark (markid, studentid, subjectid, mark, markdate, semester, teacherid) VALUES (130, 20, 3, 4, '2023-04-25', 2, 2);
INSERT INTO public.mark (markid, studentid, subjectid, mark, markdate, semester, teacherid) VALUES (131, 21, 3, 4, '2023-04-25', 2, 2);
INSERT INTO public.mark (markid, studentid, subjectid, mark, markdate, semester, teacherid) VALUES (132, 22, 3, 5, '2023-04-25', 2, 2);
INSERT INTO public.mark (markid, studentid, subjectid, mark, markdate, semester, teacherid) VALUES (133, 23, 3, 3, '2023-04-25', 2, 2);
INSERT INTO public.mark (markid, studentid, subjectid, mark, markdate, semester, teacherid) VALUES (134, 24, 3, 2, '2023-01-16', 1, 2);
INSERT INTO public.mark (markid, studentid, subjectid, mark, markdate, semester, teacherid) VALUES (135, 25, 3, 3, '2023-01-16', 1, 2);
INSERT INTO public.mark (markid, studentid, subjectid, mark, markdate, semester, teacherid) VALUES (136, 26, 3, 3, '2023-01-16', 1, 2);
INSERT INTO public.mark (markid, studentid, subjectid, mark, markdate, semester, teacherid) VALUES (137, 27, 3, 4, '2023-01-16', 1, 2);
INSERT INTO public.mark (markid, studentid, subjectid, mark, markdate, semester, teacherid) VALUES (138, 28, 3, 3, '2023-01-16', 1, 2);
INSERT INTO public.mark (markid, studentid, subjectid, mark, markdate, semester, teacherid) VALUES (139, 29, 3, 4, '2023-01-16', 1, 2);
INSERT INTO public.mark (markid, studentid, subjectid, mark, markdate, semester, teacherid) VALUES (140, 30, 3, 4, '2023-01-16', 1, 2);
INSERT INTO public.mark (markid, studentid, subjectid, mark, markdate, semester, teacherid) VALUES (141, 24, 7, 2, '2023-01-21', 1, 3);
INSERT INTO public.mark (markid, studentid, subjectid, mark, markdate, semester, teacherid) VALUES (142, 25, 7, 3, '2023-01-21', 1, 3);
INSERT INTO public.mark (markid, studentid, subjectid, mark, markdate, semester, teacherid) VALUES (143, 26, 7, 2, '2023-01-21', 1, 3);
INSERT INTO public.mark (markid, studentid, subjectid, mark, markdate, semester, teacherid) VALUES (144, 27, 7, 4, '2023-01-21', 1, 3);
INSERT INTO public.mark (markid, studentid, subjectid, mark, markdate, semester, teacherid) VALUES (145, 28, 7, 3, '2023-01-21', 1, 3);
INSERT INTO public.mark (markid, studentid, subjectid, mark, markdate, semester, teacherid) VALUES (146, 29, 7, 2, '2023-01-21', 1, 3);
INSERT INTO public.mark (markid, studentid, subjectid, mark, markdate, semester, teacherid) VALUES (147, 30, 7, 3, '2023-01-21', 1, 3);
INSERT INTO public.mark (markid, studentid, subjectid, mark, markdate, semester, teacherid) VALUES (148, 24, 7, 2, '2023-04-19', 2, 3);
INSERT INTO public.mark (markid, studentid, subjectid, mark, markdate, semester, teacherid) VALUES (149, 25, 7, 3, '2023-04-19', 2, 3);
INSERT INTO public.mark (markid, studentid, subjectid, mark, markdate, semester, teacherid) VALUES (150, 26, 7, 2, '2023-04-19', 2, 3);
INSERT INTO public.mark (markid, studentid, subjectid, mark, markdate, semester, teacherid) VALUES (151, 27, 7, 3, '2023-04-19', 2, 3);
INSERT INTO public.mark (markid, studentid, subjectid, mark, markdate, semester, teacherid) VALUES (152, 28, 7, 2, '2023-04-19', 2, 3);
INSERT INTO public.mark (markid, studentid, subjectid, mark, markdate, semester, teacherid) VALUES (153, 29, 7, 2, '2023-04-19', 2, 3);
INSERT INTO public.mark (markid, studentid, subjectid, mark, markdate, semester, teacherid) VALUES (154, 30, 7, 3, '2023-04-19', 2, 3);
INSERT INTO public.mark (markid, studentid, subjectid, mark, markdate, semester, teacherid) VALUES (155, 24, 3, 3, '2023-04-14', 2, 2);
INSERT INTO public.mark (markid, studentid, subjectid, mark, markdate, semester, teacherid) VALUES (156, 25, 3, 3, '2023-04-14', 2, 2);
INSERT INTO public.mark (markid, studentid, subjectid, mark, markdate, semester, teacherid) VALUES (157, 26, 3, 4, '2023-04-14', 2, 2);
INSERT INTO public.mark (markid, studentid, subjectid, mark, markdate, semester, teacherid) VALUES (158, 27, 3, 5, '2023-04-14', 2, 2);
INSERT INTO public.mark (markid, studentid, subjectid, mark, markdate, semester, teacherid) VALUES (159, 28, 3, 4, '2023-04-14', 2, 2);
INSERT INTO public.mark (markid, studentid, subjectid, mark, markdate, semester, teacherid) VALUES (160, 29, 3, 4, '2023-04-14', 2, 2);
INSERT INTO public.mark (markid, studentid, subjectid, mark, markdate, semester, teacherid) VALUES (161, 30, 3, 3, '2023-04-14', 2, 2);
INSERT INTO public.mark (markid, studentid, subjectid, mark, markdate, semester, teacherid) VALUES (162, 24, 1, 4, '2023-04-25', 2, 1);
INSERT INTO public.mark (markid, studentid, subjectid, mark, markdate, semester, teacherid) VALUES (163, 25, 1, 3, '2023-04-25', 2, 1);
INSERT INTO public.mark (markid, studentid, subjectid, mark, markdate, semester, teacherid) VALUES (164, 26, 1, 5, '2023-04-25', 2, 1);
INSERT INTO public.mark (markid, studentid, subjectid, mark, markdate, semester, teacherid) VALUES (165, 27, 1, 5, '2023-04-25', 2, 1);
INSERT INTO public.mark (markid, studentid, subjectid, mark, markdate, semester, teacherid) VALUES (166, 28, 1, 4, '2023-04-25', 2, 1);
INSERT INTO public.mark (markid, studentid, subjectid, mark, markdate, semester, teacherid) VALUES (167, 29, 1, 5, '2023-04-25', 2, 1);
INSERT INTO public.mark (markid, studentid, subjectid, mark, markdate, semester, teacherid) VALUES (168, 30, 1, 4, '2023-04-25', 2, 1);
INSERT INTO public.mark (markid, studentid, subjectid, mark, markdate, semester, teacherid) VALUES (169, 1, 7, 2, '2023-01-28', 1, 3);
INSERT INTO public.mark (markid, studentid, subjectid, mark, markdate, semester, teacherid) VALUES (170, 1, 3, 3, '2023-01-28', 1, 2);
INSERT INTO public.mark (markid, studentid, subjectid, mark, markdate, semester, teacherid) VALUES (171, 6, 7, 2, '2023-01-28', 1, 3);
INSERT INTO public.mark (markid, studentid, subjectid, mark, markdate, semester, teacherid) VALUES (172, 8, 7, 2, '2023-01-28', 1, 3);
INSERT INTO public.mark (markid, studentid, subjectid, mark, markdate, semester, teacherid) VALUES (173, 9, 7, 2, '2023-01-28', 1, 3);
INSERT INTO public.mark (markid, studentid, subjectid, mark, markdate, semester, teacherid) VALUES (174, 9, 3, 4, '2023-01-28', 1, 2);
INSERT INTO public.mark (markid, studentid, subjectid, mark, markdate, semester, teacherid) VALUES (175, 10, 7, 2, '2023-01-28', 1, 3);
INSERT INTO public.mark (markid, studentid, subjectid, mark, markdate, semester, teacherid) VALUES (176, 16, 7, 2, '2023-01-28', 1, 3);
INSERT INTO public.mark (markid, studentid, subjectid, mark, markdate, semester, teacherid) VALUES (177, 18, 7, 2, '2023-01-28', 1, 3);
INSERT INTO public.mark (markid, studentid, subjectid, mark, markdate, semester, teacherid) VALUES (178, 24, 7, 3, '2023-01-28', 1, 3);
INSERT INTO public.mark (markid, studentid, subjectid, mark, markdate, semester, teacherid) VALUES (179, 24, 3, 3, '2023-01-28', 1, 2);
INSERT INTO public.mark (markid, studentid, subjectid, mark, markdate, semester, teacherid) VALUES (180, 26, 7, 2, '2023-01-28', 1, 3);
INSERT INTO public.mark (markid, studentid, subjectid, mark, markdate, semester, teacherid) VALUES (181, 29, 7, 3, '2023-01-28', 1, 3);
INSERT INTO public.mark (markid, studentid, subjectid, mark, markdate, semester, teacherid) VALUES (182, 1, 7, 3, '2023-03-31', 1, 3);
INSERT INTO public.mark (markid, studentid, subjectid, mark, markdate, semester, teacherid) VALUES (183, 6, 7, 2, '2023-03-31', 1, 3);
INSERT INTO public.mark (markid, studentid, subjectid, mark, markdate, semester, teacherid) VALUES (184, 8, 7, 3, '2023-03-31', 1, 3);
INSERT INTO public.mark (markid, studentid, subjectid, mark, markdate, semester, teacherid) VALUES (185, 9, 7, 3, '2023-03-31', 1, 3);
INSERT INTO public.mark (markid, studentid, subjectid, mark, markdate, semester, teacherid) VALUES (186, 10, 7, 3, '2023-03-31', 1, 3);
INSERT INTO public.mark (markid, studentid, subjectid, mark, markdate, semester, teacherid) VALUES (187, 16, 7, 3, '2023-03-31', 1, 3);
INSERT INTO public.mark (markid, studentid, subjectid, mark, markdate, semester, teacherid) VALUES (188, 18, 7, 2, '2023-03-31', 1, 3);
INSERT INTO public.mark (markid, studentid, subjectid, mark, markdate, semester, teacherid) VALUES (189, 26, 7, 2, '2023-03-31', 1, 3);


--
-- TOC entry 3367 (class 0 OID 27875)
-- Dependencies: 219
-- Data for Name: sgroup; Type: TABLE DATA; Schema: public; Owner: postgres
--

INSERT INTO public.sgroup (groupid, groupname) VALUES (1, 'Группа 1');
INSERT INTO public.sgroup (groupid, groupname) VALUES (2, 'Группа 2');
INSERT INTO public.sgroup (groupid, groupname) VALUES (3, 'Группа 3');


--
-- TOC entry 3369 (class 0 OID 27881)
-- Dependencies: 221
-- Data for Name: student; Type: TABLE DATA; Schema: public; Owner: postgres
--

INSERT INTO public.student (studentid, lastname, firstname, patronymic, bdate, groupid) VALUES (1, 'Меркушева', 'Светлана', 'Анатольевна', '2003-04-02', 1);
INSERT INTO public.student (studentid, lastname, firstname, patronymic, bdate, groupid) VALUES (2, 'Покровская', 'Виктория', 'Сергеевна', '2002-06-01', 1);
INSERT INTO public.student (studentid, lastname, firstname, patronymic, bdate, groupid) VALUES (3, 'Усков', 'Дмитрий', 'Евгеньевич', '2002-09-08', 1);
INSERT INTO public.student (studentid, lastname, firstname, patronymic, bdate, groupid) VALUES (4, 'Макаров', 'Игорь', 'Валерьевич', '2001-11-11', 1);
INSERT INTO public.student (studentid, lastname, firstname, patronymic, bdate, groupid) VALUES (5, 'Маслова', 'Мария', 'Эдуардовна', '2003-02-17', 1);
INSERT INTO public.student (studentid, lastname, firstname, patronymic, bdate, groupid) VALUES (6, 'Титова', 'Диана', 'Сергеевна', '2003-12-05', 1);
INSERT INTO public.student (studentid, lastname, firstname, patronymic, bdate, groupid) VALUES (7, 'Шишкина', 'Татьяна', 'Эдуардовна', '2001-11-01', 1);
INSERT INTO public.student (studentid, lastname, firstname, patronymic, bdate, groupid) VALUES (8, 'Соков', 'Иван', 'Сергеевич', '2004-12-07', 1);
INSERT INTO public.student (studentid, lastname, firstname, patronymic, bdate, groupid) VALUES (9, 'Григорьев', 'Григорий', 'Александрович', '2003-04-03', 1);
INSERT INTO public.student (studentid, lastname, firstname, patronymic, bdate, groupid) VALUES (10, 'Смирнова', 'Виктория', 'Алексеевна', '2003-05-16', 1);
INSERT INTO public.student (studentid, lastname, firstname, patronymic, bdate, groupid) VALUES (11, 'Якунин', 'Леонид', 'Алексеевич', '2002-03-18', 1);
INSERT INTO public.student (studentid, lastname, firstname, patronymic, bdate, groupid) VALUES (12, 'Солдатова', 'Софья', 'Алексеевна', '2003-12-03', 2);
INSERT INTO public.student (studentid, lastname, firstname, patronymic, bdate, groupid) VALUES (13, 'Иванов', 'Кирилл', 'Константинович', '2002-12-21', 2);
INSERT INTO public.student (studentid, lastname, firstname, patronymic, bdate, groupid) VALUES (14, 'Иващенко', 'Светлана', 'Матвеевна', '2003-03-01', 2);
INSERT INTO public.student (studentid, lastname, firstname, patronymic, bdate, groupid) VALUES (15, 'Трусов', 'Игорь', 'Евгеньевич', '2001-09-08', 2);
INSERT INTO public.student (studentid, lastname, firstname, patronymic, bdate, groupid) VALUES (16, 'Абашин', 'Артем', 'Олегович', '2003-12-04', 2);
INSERT INTO public.student (studentid, lastname, firstname, patronymic, bdate, groupid) VALUES (17, 'Перминов', 'Кирилл', 'Алексеевич', '2003-11-02', 2);
INSERT INTO public.student (studentid, lastname, firstname, patronymic, bdate, groupid) VALUES (18, 'Сергеев', 'Олег', 'Витальевич', '2003-12-02', 2);
INSERT INTO public.student (studentid, lastname, firstname, patronymic, bdate, groupid) VALUES (19, 'Богачев', 'Григорий', 'Алексеевич', '2003-12-15', 2);
INSERT INTO public.student (studentid, lastname, firstname, patronymic, bdate, groupid) VALUES (20, 'Чекунаев', 'Максим', 'Евгеньевич', '2002-11-15', 2);
INSERT INTO public.student (studentid, lastname, firstname, patronymic, bdate, groupid) VALUES (21, 'Лопата', 'Лариса', 'Ивановна', '2001-12-04', 2);
INSERT INTO public.student (studentid, lastname, firstname, patronymic, bdate, groupid) VALUES (22, 'Кузов', 'Макар', 'Евгеньевич', '2003-03-03', 2);
INSERT INTO public.student (studentid, lastname, firstname, patronymic, bdate, groupid) VALUES (23, 'Орлов', 'Лев', 'Александрович', '2002-02-04', 2);
INSERT INTO public.student (studentid, lastname, firstname, patronymic, bdate, groupid) VALUES (24, 'Тарасова', 'Елена', 'Сергеевна', '2001-12-12', 3);
INSERT INTO public.student (studentid, lastname, firstname, patronymic, bdate, groupid) VALUES (25, 'Фастова', 'Елена', 'Алексеевна', '2003-01-07', 3);
INSERT INTO public.student (studentid, lastname, firstname, patronymic, bdate, groupid) VALUES (26, 'Осипова', 'Алиса', 'Вячеславовна', '2002-02-08', 3);
INSERT INTO public.student (studentid, lastname, firstname, patronymic, bdate, groupid) VALUES (27, 'Носкова', 'Екатерина', 'Николаевна', '2004-04-05', 3);
INSERT INTO public.student (studentid, lastname, firstname, patronymic, bdate, groupid) VALUES (28, 'Горохова', 'Алина', 'Павловна', '2002-02-04', 3);
INSERT INTO public.student (studentid, lastname, firstname, patronymic, bdate, groupid) VALUES (29, 'Малютина', 'Дарина', 'Витальевна', '2003-02-03', 3);
INSERT INTO public.student (studentid, lastname, firstname, patronymic, bdate, groupid) VALUES (30, 'Портной', 'Данила', 'Вадимович', '2003-02-27', 3);
INSERT INTO public.student (studentid, lastname, firstname, patronymic, bdate, groupid) VALUES (31, 'Иванов', 'Иван', 'Иванович', '2002-01-01', 1);


--
-- TOC entry 3365 (class 0 OID 27869)
-- Dependencies: 217
-- Data for Name: subject; Type: TABLE DATA; Schema: public; Owner: postgres
--

INSERT INTO public.subject (subjectid, subjectname) VALUES (1, 'История');
INSERT INTO public.subject (subjectid, subjectname) VALUES (3, 'Математика');
INSERT INTO public.subject (subjectid, subjectname) VALUES (4, 'Физкультура');
INSERT INTO public.subject (subjectid, subjectname) VALUES (5, 'Физика');
INSERT INTO public.subject (subjectid, subjectname) VALUES (6, 'Право');
INSERT INTO public.subject (subjectid, subjectname) VALUES (7, 'Теоретическая механика');


--
-- TOC entry 3373 (class 0 OID 27914)
-- Dependencies: 225
-- Data for Name: teacher; Type: TABLE DATA; Schema: public; Owner: postgres
--

INSERT INTO public.teacher (teacherid, lastname, firstname, patronymic) VALUES (1, 'Петров', 'Петр', 'Петрович');
INSERT INTO public.teacher (teacherid, lastname, firstname, patronymic) VALUES (2, 'Павлова', 'Элеонора', 'Эдуардовна');
INSERT INTO public.teacher (teacherid, lastname, firstname, patronymic) VALUES (3, 'Кулешов', 'Виктор', 'Матвеевич');


--
-- TOC entry 3363 (class 0 OID 27062)
-- Dependencies: 215
-- Data for Name: temp; Type: TABLE DATA; Schema: public; Owner: postgres
--

INSERT INTO public.temp (studentid, lastname, firstname, patronymic, mark) VALUES (1, 'Меркушева', 'Светлана', 'Анатольевна', 4);
INSERT INTO public.temp (studentid, lastname, firstname, patronymic, mark) VALUES (2, 'Покровская', 'Виктория', 'Сергеевна', 5);
INSERT INTO public.temp (studentid, lastname, firstname, patronymic, mark) VALUES (3, 'Усков', 'Дмитрий', 'Евгеньевич', 2);
INSERT INTO public.temp (studentid, lastname, firstname, patronymic, mark) VALUES (4, 'Макаров', 'Игорь', 'Валерьевич', 5);
INSERT INTO public.temp (studentid, lastname, firstname, patronymic, mark) VALUES (5, 'Маслова', 'Мария', 'Эдуардовна', 3);
INSERT INTO public.temp (studentid, lastname, firstname, patronymic, mark) VALUES (6, 'Титова', 'Диана', 'Сергеевна', 0);
INSERT INTO public.temp (studentid, lastname, firstname, patronymic, mark) VALUES (7, 'Шишкина', 'Татьяна', 'Эдуардовна', 5);
INSERT INTO public.temp (studentid, lastname, firstname, patronymic, mark) VALUES (8, 'Соков', 'Иван', 'Сергеевич', 5);
INSERT INTO public.temp (studentid, lastname, firstname, patronymic, mark) VALUES (9, 'Григорьев', 'Григорий', 'Александрович', 2);
INSERT INTO public.temp (studentid, lastname, firstname, patronymic, mark) VALUES (10, 'Смирнова', 'Виктория', 'Алексеевна', 4);
INSERT INTO public.temp (studentid, lastname, firstname, patronymic, mark) VALUES (11, 'Якунин', 'Леонид', 'Алексеевич', 4);
INSERT INTO public.temp (studentid, lastname, firstname, patronymic, mark) VALUES (31, 'Иванов', 'Иван', 'Иванович', 3);


--
-- TOC entry 3374 (class 0 OID 27934)
-- Dependencies: 226
-- Data for Name: tmp; Type: TABLE DATA; Schema: public; Owner: postgres
--

INSERT INTO public.tmp (semester, studentid, teacherid, subjectid, mark, markdate) VALUES (1, 1, 3, 7, 3, '2023-03-31');
INSERT INTO public.tmp (semester, studentid, teacherid, subjectid, mark, markdate) VALUES (1, 6, 3, 7, 2, '2023-03-31');
INSERT INTO public.tmp (semester, studentid, teacherid, subjectid, mark, markdate) VALUES (1, 8, 3, 7, 3, '2023-03-31');
INSERT INTO public.tmp (semester, studentid, teacherid, subjectid, mark, markdate) VALUES (1, 9, 3, 7, 3, '2023-03-31');
INSERT INTO public.tmp (semester, studentid, teacherid, subjectid, mark, markdate) VALUES (1, 10, 3, 7, 3, '2023-03-31');
INSERT INTO public.tmp (semester, studentid, teacherid, subjectid, mark, markdate) VALUES (1, 16, 3, 7, 3, '2023-03-31');
INSERT INTO public.tmp (semester, studentid, teacherid, subjectid, mark, markdate) VALUES (1, 18, 3, 7, 2, '2023-03-31');
INSERT INTO public.tmp (semester, studentid, teacherid, subjectid, mark, markdate) VALUES (1, 26, 3, 7, 2, '2023-03-31');


--
-- TOC entry 3380 (class 0 OID 0)
-- Dependencies: 214
-- Name: Group_GroupID_seq; Type: SEQUENCE SET; Schema: public; Owner: postgres
--

SELECT pg_catalog.setval('public."Group_GroupID_seq"', 1, false);


--
-- TOC entry 3381 (class 0 OID 0)
-- Dependencies: 222
-- Name: mark_markid_seq; Type: SEQUENCE SET; Schema: public; Owner: postgres
--

SELECT pg_catalog.setval('public.mark_markid_seq', 189, true);


--
-- TOC entry 3382 (class 0 OID 0)
-- Dependencies: 218
-- Name: sgroup_groupid_seq; Type: SEQUENCE SET; Schema: public; Owner: postgres
--

SELECT pg_catalog.setval('public.sgroup_groupid_seq', 3, true);


--
-- TOC entry 3383 (class 0 OID 0)
-- Dependencies: 220
-- Name: student_studentid_seq; Type: SEQUENCE SET; Schema: public; Owner: postgres
--

SELECT pg_catalog.setval('public.student_studentid_seq', 31, true);


--
-- TOC entry 3384 (class 0 OID 0)
-- Dependencies: 216
-- Name: subject_subjectid_seq; Type: SEQUENCE SET; Schema: public; Owner: postgres
--

SELECT pg_catalog.setval('public.subject_subjectid_seq', 7, true);


--
-- TOC entry 3385 (class 0 OID 0)
-- Dependencies: 224
-- Name: teacher_teacherid_seq; Type: SEQUENCE SET; Schema: public; Owner: postgres
--

SELECT pg_catalog.setval('public.teacher_teacherid_seq', 3, true);


--
-- TOC entry 3213 (class 2606 OID 27899)
-- Name: mark mark_pkey; Type: CONSTRAINT; Schema: public; Owner: postgres
--

ALTER TABLE ONLY public.mark
    ADD CONSTRAINT mark_pkey PRIMARY KEY (markid);


--
-- TOC entry 3209 (class 2606 OID 27879)
-- Name: sgroup sgroup_pkey; Type: CONSTRAINT; Schema: public; Owner: postgres
--

ALTER TABLE ONLY public.sgroup
    ADD CONSTRAINT sgroup_pkey PRIMARY KEY (groupid);


--
-- TOC entry 3211 (class 2606 OID 27885)
-- Name: student student_pkey; Type: CONSTRAINT; Schema: public; Owner: postgres
--

ALTER TABLE ONLY public.student
    ADD CONSTRAINT student_pkey PRIMARY KEY (studentid);


--
-- TOC entry 3207 (class 2606 OID 27873)
-- Name: subject subject_pkey; Type: CONSTRAINT; Schema: public; Owner: postgres
--

ALTER TABLE ONLY public.subject
    ADD CONSTRAINT subject_pkey PRIMARY KEY (subjectid);


--
-- TOC entry 3215 (class 2606 OID 27918)
-- Name: teacher teacher_pkey; Type: CONSTRAINT; Schema: public; Owner: postgres
--

ALTER TABLE ONLY public.teacher
    ADD CONSTRAINT teacher_pkey PRIMARY KEY (teacherid);


--
-- TOC entry 3216 (class 2606 OID 27886)
-- Name: student groupfk; Type: FK CONSTRAINT; Schema: public; Owner: postgres
--

ALTER TABLE ONLY public.student
    ADD CONSTRAINT groupfk FOREIGN KEY (groupid) REFERENCES public.sgroup(groupid) ON DELETE CASCADE;


--
-- TOC entry 3217 (class 2606 OID 27900)
-- Name: mark studentfk; Type: FK CONSTRAINT; Schema: public; Owner: postgres
--

ALTER TABLE ONLY public.mark
    ADD CONSTRAINT studentfk FOREIGN KEY (studentid) REFERENCES public.student(studentid) ON DELETE CASCADE;


--
-- TOC entry 3218 (class 2606 OID 27905)
-- Name: mark subjectfk; Type: FK CONSTRAINT; Schema: public; Owner: postgres
--

ALTER TABLE ONLY public.mark
    ADD CONSTRAINT subjectfk FOREIGN KEY (subjectid) REFERENCES public.subject(subjectid) ON DELETE CASCADE;


--
-- TOC entry 3219 (class 2606 OID 27919)
-- Name: mark teacherfk; Type: FK CONSTRAINT; Schema: public; Owner: postgres
--

ALTER TABLE ONLY public.mark
    ADD CONSTRAINT teacherfk FOREIGN KEY (teacherid) REFERENCES public.teacher(teacherid) ON DELETE CASCADE;


-- Completed on 2023-04-28 16:12:52

--
-- PostgreSQL database dump complete
--

